Tab.1.10.2;;;;;;;;;;;;;;;;;;;;;;;;;;;;;;;;;;;;;;;;;
;;;;;;;;;;;;;;;;;;;;;;;;;;;;;;;;;;;;;;;;;
Bevölkerung, Erwerbstätigkeit und Bruttoinlandsprodukt (regionale Strukturdaten) 1);;;;;;;;;;;;;;;;;;;;;;;;;;;;;;;;;;;;;;;;;
;;;;;;;;;;;;;;;;;;;;;;;;;;;;;;;;;;;;;;;;;
;;1991;2000;2008;2009;2010;2011;2012;2013;2014;2015;2016;2017;2018;2019;2020;2021;2022;2023;2024;2025;1991;2000;2008;2009;2010;2011;2012;2013;2014;2015;2016;2017;2018;2019;2020;2021;2022;2023;2024;2025
Kategorie;Land;Tsd.;Tsd.;Tsd.;Tsd.;Tsd.;Tsd.;Tsd.;Tsd.;Tsd.;Tsd.;Tsd.;Tsd.;Tsd.;Tsd.;Tsd.;Tsd.;Tsd.;Tsd.;Tsd.;Tsd.;Anteile (%);Anteile (%);Anteile (%);Anteile (%);Anteile (%);Anteile (%);Anteile (%);Anteile (%);Anteile (%);Anteile (%);Anteile (%);Anteile (%);Anteile (%);Anteile (%);Anteile (%);Anteile (%);Anteile (%);Anteile (%);Anteile (%);Anteile (%)
Bevölkerung 2);Baden-Württemberg;9904;10359,2;10506,2;10491;10480,4;10495,5;10536,2;10586;10649;10759,9;10862,5;10920,5;10966,5;10991,9;10996,1;10995,8;11083,9;11199,2;11238,3;11243;12,4;12,7;13;13;13,1;13,1;13,1;13,1;13,2;13,2;13,3;13,3;13,3;13,4;13,4;13,4;13,4;13,4;13,5;13,5
Bevölkerung 2);Bayern;11517,8;12113,9;12382,6;12370,4;12372,8;12413,4;12472,6;12534;12598,4;12693,7;12786,5;12836;12880,8;12914;12913,9;12903,9;13003,7;13140,8;13212,7;13251,4;14,4;14,9;15,3;15,4;15,4;15,5;15,5;15,6;15,6;15,6;15,6;15,6;15,7;15,7;15,7;15,7;15,8;15,8;15,8;15,9
Bevölkerung 2);Berlin;3436,2;3298,8;3265,7;3269,4;3274,2;3302,2;3344;3378;3413,6;3452,9;3493,5;3528;3551,4;3566,4;3563;3552,9;3592,3;3647,6;3673,8;3693,7;4,3;4;4;4,1;4,1;4,1;4,2;4,2;4,2;4,2;4,3;4,3;4,3;4,3;4,3;4,3;4,4;4,4;4,4;4,4
Bevölkerung 2);Brandenburg;2559,8;2580,6;2491,8;2477,8;2466,3;2457,2;2450,7;2447,1;2449,4;2464,7;2479,7;2485,9;2491,4;2496,9;2502,9;2506,9;2526,6;2549,8;2555,6;2554,1;3,2;3,2;3,1;3,1;3,1;3,1;3;3;3;3;3;3;3;3;3;3,1;3,1;3,1;3,1;3,1
Bevölkerung 2);Bremen;682,4;657,2;654,4;653,3;652,2;651,8;653,9;657,4;661,8;669,8;679,3;685,2;688,5;689,9;689,8;689,1;692;699,2;703,8;705,4;0,9;0,8;0,8;0,8;0,8;0,8;0,8;0,8;0,8;0,8;0,8;0,8;0,8;0,8;0,8;0,8;0,8;0,8;0,8;0,8
Bevölkerung 2);Hamburg;1658,7;1672,5;1701,2;1698,8;1701,7;1711,9;1723;1730,3;1738,7;1754,2;1771,9;1787,5;1797,2;1799,5;1799;1795,5;1812,6;1842,1;1857,1;1865,7;2,1;2,1;2,1;2,1;2,1;2,1;2,1;2,1;2,2;2,2;2,2;2,2;2,2;2,2;2,2;2,2;2,2;2,2;2,2;2,2
Bevölkerung 2);Hessen;5797,9;6013;5982,9;5972,9;5969,3;5981,6;6000,1;6015,4;6042,4;6093,2;6135;6151,2;6161,7;6167,1;6163,6;6147,4;6187;6252,2;6274,2;6279,9;7,2;7,4;7,4;7,4;7,4;7,5;7,5;7,5;7,5;7,5;7,5;7,5;7,5;7,5;7,5;7,5;7,5;7,5;7,5;7,5
Bevölkerung 2);Mecklenburg-Vorpommern;1907,2;1770;1648;1632,3;1619,9;1610,8;1601,6;1592,4;1587,5;1590,2;1589,6;1583;1577,4;1570,5;1565,5;1560,7;1566,7;1577;1575,8;1570,2;2,4;2,2;2;2;2;2;2;2;2;2;1,9;1,9;1,9;1,9;1,9;1,9;1,9;1,9;1,9;1,9
Bevölkerung 2);Niedersachsen;7427,7;7843,1;7834,4;7807,2;7787;7776,5;7772;7770,1;7782,3;7835,8;7877;7877,2;7879,1;7876,6;7868,6;7863,5;7922,8;7995,5;8006,3;8002,9;9,3;9,6;9,7;9,7;9,7;9,7;9,7;9,7;9,6;9,6;9,6;9,6;9,6;9,6;9,6;9,6;9,6;9,6;9,6;9,6
Bevölkerung 2);Nordrhein-Westfalen;17421,3;17856,1;17701,6;17625,1;17566,4;17545,1;17546,2;17552,1;17584,1;17715,5;17821,4;17825,7;17828,7;17826,1;17801,3;17762,7;17855;17991;18026;18018,9;21,8;21,9;21,9;21,9;21,9;21,9;21,8;21,8;21,8;21,8;21,8;21,7;21,7;21,7;21,7;21,7;21,6;21,6;21,6;21,6
Bevölkerung 2);Rheinland-Pfalz;3792,1;4027,9;4028,6;4011,6;3998,9;3992,1;3988,7;3987,4;3994,2;4018,5;4039,7;4044,4;4048,5;4052,7;4053,4;4052,5;4080,4;4116,9;4127,4;4124,9;4,7;4,9;5;5;5;5;5;5;4,9;4,9;4,9;4,9;4,9;4,9;4,9;4,9;4,9;4,9;4,9;4,9
Bevölkerung 2);Saarland;1074,5;1062,2;1019,7;1011,9;1004,8;999,9;997,1;995,5;995;999,5;1005,4;1006,6;1005,3;1003,5;1001,9;1001,3;1006,6;1013;1013,1;1009,6;1,3;1,3;1,3;1,3;1,3;1,2;1,2;1,2;1,2;1,2;1,2;1,2;1,2;1,2;1,2;1,2;1,2;1,2;1,2;1,2
Bevölkerung 2);Sachsen;4719,5;4402;4133,2;4103,5;4077,9;4060,2;4051,2;4045,1;4044,9;4060,5;4069,4;4063,5;4057,8;4049;4034;4014,1;4027;4052,3;4048,6;4028,8;5,9;5,4;5,1;5,1;5,1;5,1;5;5;5;5;5;5;4,9;4,9;4,9;4,9;4,9;4,9;4,8;4,8
Bevölkerung 2);Sachsen-Anhalt;2847,7;2614;2363,9;2334;2308,8;2287,1;2267,2;2249,3;2235;2232,1;2228,1;2212,8;2195,2;2177,1;2159,1;2141,2;2141,4;2147,4;2140,1;2126,2;3,6;3,2;2,9;2,9;2,9;2,8;2,8;2,8;2,8;2,7;2,7;2,7;2,7;2,6;2,6;2,6;2,6;2,6;2,6;2,5
Bevölkerung 2);Schleswig-Holstein;2636,1;2764,7;2805,3;2801,2;2799,7;2801,2;2804,7;2811,8;2823,6;2843,7;2866,8;2879,9;2885,5;2890,5;2895,4;2901,9;2922,5;2946,2;2956,4;2959,8;3,3;3,4;3,5;3,5;3,5;3,5;3,5;3,5;3,5;3,5;3,5;3,5;3,5;3,5;3,5;3,5;3,5;3,5;3,5;3,5
Bevölkerung 2);Thüringen;2590,6;2421,3;2243,8;2222,1;2203,8;2188,5;2175,9;2165,3;2158;2161,8;2161;2150,1;2141,5;2131,4;2118,8;2105,3;2108,8;2116,9;2107,6;2089,5;3,2;3;2,8;2,8;2,7;2,7;2,7;2,7;2,7;2,7;2,6;2,6;2,6;2,6;2,6;2,6;2,6;2,5;2,5;2,5
Bevölkerung 2);Länder insgesamt;79973,4;81456,6;80763,5;80482,6;80284,1;80275;80385;80517,1;80757,9;81346,2;81866,7;82037,6;82156,5;82203,1;82126,3;81994,6;82529,3;83287,3;83516,6;83524;100;100;100;100;100;100;100;100;100;100;100;100;100;100;100;100;100;100;100;100
Erwerbstätige 3);Baden-Württemberg;5175,1;5503,6;5721,3;5684;5688,9;5762,8;5846,3;5915,2;5987,5;6043,8;6122,9;6212;6297,5;6342,9;6283,5;6278,1;6352,3;6409;6415;6413,2;13,3;13,8;14;13,9;13,8;13,9;13,9;14;14;14;14;14;14;14;14;13,9;13,9;14;13,9;13,9
Erwerbstätige 3);Bayern;6060;6460,2;6703,2;6726,3;6786,5;6904,7;7021,1;7100,3;7184,4;7279,7;7398,7;7524,4;7645,5;7732,3;7682,9;7680,9;7781,7;7846,9;7869,9;7874,7;15,6;16,2;16,4;16,4;16,5;16,6;16,7;16,8;16,8;16,9;16,9;17;17;17,1;17,1;17,1;17,1;17,1;17,1;17,1
Erwerbstätige 3);Berlin;1706;1619,1;1649,6;1677,6;1697,3;1712,4;1751;1784,2;1818,3;1857,1;1910;1969,5;2022,7;2071,7;2066,2;2082,1;2152,3;2190,9;2197,4;2193,8;4,4;4,1;4;4,1;4,1;4,1;4,2;4,2;4,3;4,3;4,4;4,4;4,5;4,6;4,6;4,6;4,7;4,8;4,8;4,8
Erwerbstätige 3);Brandenburg;1191;1089,8;1063,3;1076,6;1081,8;1080,9;1083,5;1081,8;1082,6;1084,9;1099;1113,2;1123,9;1129,8;1122,8;1130;1141,6;1145,2;1146,7;1142,8;3,1;2,7;2,6;2,6;2,6;2,6;2,6;2,6;2,5;2,5;2,5;2,5;2,5;2,5;2,5;2,5;2,5;2,5;2,5;2,5
Erwerbstätige 3);Bremen;397,9;394,5;409,3;407,1;407,2;412,8;419,3;420,8;422,3;423,1;427,9;431,4;435,8;438,9;434,6;433,5;440;444,3;445,2;446,2;1;1;1;1;1;1;1;1;1;1;1;1;1;1;1;1;1;1;1;1
Erwerbstätige 3);Hamburg;1022,9;1052,6;1120,8;1137,4;1148,1;1164,6;1186,8;1201,8;1211,2;1222,2;1243,5;1260,1;1279,1;1297,8;1293,6;1293,5;1321,5;1348,2;1358,5;1369,5;2,6;2,6;2,7;2,8;2,8;2,8;2,8;2,8;2,8;2,8;2,8;2,8;2,9;2,9;2,9;2,9;2,9;2,9;3;3
Erwerbstätige 3);Hessen;2958,5;3120,5;3159,8;3171,2;3179,2;3217,7;3255,8;3269;3304,5;3341,7;3385,5;3440,5;3494,5;3529,9;3505,4;3516,7;3568,3;3597,4;3613,7;3621,4;7,6;7,8;7,7;7,8;7,7;7,7;7,7;7,7;7,7;7,7;7,7;7,8;7,8;7,8;7,8;7,8;7,8;7,8;7,9;7,9
Erwerbstätige 3);Mecklenburg-Vorpommern;836,1;767,3;750;755,6;751,8;741,3;734,8;733,7;740,9;742,9;746,4;752,9;758;761,5;756,5;757,2;760,3;759,1;752,2;750,6;2,2;1,9;1,8;1,8;1,8;1,8;1,7;1,7;1,7;1,7;1,7;1,7;1,7;1,7;1,7;1,7;1,7;1,7;1,6;1,6
Erwerbstätige 3);Niedersachsen;3300,7;3585,1;3709,2;3740,8;3766,7;3827,5;3887,4;3922,3;3956,7;3988;4036,9;4088,1;4141,3;4183;4158,4;4167,1;4213,4;4234,8;4237,3;4240,5;8,5;9;9,1;9,1;9,2;9,2;9,2;9,3;9,3;9,2;9,2;9,2;9,2;9,2;9,2;9,3;9,2;9,2;9,2;9,2
Erwerbstätige 3);Nordrhein-Westfalen;8072,8;8618,5;8795,4;8773,7;8804,3;8919,3;9013,7;9073,2;9149,7;9237;9335,1;9447,9;9568,3;9659,2;9592,1;9631,8;9767,7;9815,4;9824,5;9839,4;20,8;21,6;21,5;21,4;21,4;21,5;21,4;21,4;21,4;21,4;21,4;21,3;21,3;21,3;21,3;21,4;21,4;21,4;21,4;21,4
Erwerbstätige 3);Rheinland-Pfalz;1684,2;1808,8;1907,2;1905,7;1911,1;1929;1945,4;1953,3;1968,7;1982;1998,7;2018,4;2037,9;2050,4;2028,7;2031,3;2053,2;2061,4;2059,9;2057,6;4,3;4,5;4,7;4,7;4,7;4,6;4,6;4,6;4,6;4,6;4,6;4,6;4,5;4,5;4,5;4,5;4,5;4,5;4,5;4,5
Erwerbstätige 3);Saarland;484,1;517,7;520,5;517,8;520,9;526,3;527,1;522,9;522,6;523,6;529;532,7;535,4;536;528,2;525,3;526,6;525,3;520,8;516,3;1,2;1,3;1,3;1,3;1,3;1,3;1,3;1,2;1,2;1,2;1,2;1,2;1,2;1,2;1,2;1,2;1,2;1,1;1,1;1,1
Erwerbstätige 3);Sachsen;2257,1;2001,2;1964,2;1955,5;1967;1970,3;1987,3;1998,8;2005,6;2000,7;2018,6;2039,8;2057,9;2064,6;2050,5;2052;2067,7;2069,9;2064,5;2049,5;5,8;5;4,8;4,8;4,8;4,7;4,7;4,7;4,7;4,6;4,6;4,6;4,6;4,6;4,6;4,6;4,5;4,5;4,5;4,5
Erwerbstätige 3);Sachsen-Anhalt;1277,9;1071,7;1027,5;1023,8;1025,2;1020,2;1015,2;1009,8;1004,3;1000,8;1002,8;1006,3;1007,3;1007;996,4;994,2;994,9;991,7;989,1;983,8;3,3;2,7;2,5;2,5;2,5;2,5;2,4;2,4;2,3;2,3;2,3;2,3;2,2;2,2;2,2;2,2;2,2;2,2;2,2;2,1
Erwerbstätige 3);Schleswig-Holstein;1221,2;1285,4;1308,5;1314,4;1319,1;1331,8;1341,4;1347,2;1356,7;1369,9;1390,1;1408,9;1426,4;1441,5;1437,3;1445,1;1461,6;1471,8;1476,9;1478,7;3,1;3,2;3,2;3,2;3,2;3,2;3,2;3,2;3,2;3,2;3,2;3,2;3,2;3,2;3,2;3,2;3,2;3,2;3,2;3,2
Erwerbstätige 3);Thüringen;1227,6;1079,9;1041,1;1035,7;1044,1;1048,4;1049;1043,4;1039,9;1039,6;1041,1;1043,8;1046,3;1044,3;1028,8;1022;1025,9;1023,5;1015,4;1004;3,2;2,7;2,5;2,5;2,5;2,5;2,5;2,5;2,4;2,4;2,4;2,4;2,3;2,3;2,3;2,3;2,2;2,2;2,2;2,2
Erwerbstätige 3);Länder insgesamt;38873;39976;40851;40903;41099;41570;42065;42378;42756;43137;43686;44290;44878;45291;44966;45041;45629;45935;45987;45982;100;100;100;100;100;100;100;100;100;100;100;100;100;100;100;100;100;100;100;100
Kategorie;Land;Mrd. Euro;Mrd. Euro;Mrd. Euro;Mrd. Euro;Mrd. Euro;Mrd. Euro;Mrd. Euro;Mrd. Euro;Mrd. Euro;Mrd. Euro;Mrd. Euro;Mrd. Euro;Mrd. Euro;Mrd. Euro;Mrd. Euro;Mrd. Euro;Mrd. Euro;Mrd. Euro;Mrd. Euro;Mrd. Euro;Anteile (%);Anteile (%);Anteile (%);Anteile (%);Anteile (%);Anteile (%);Anteile (%);Anteile (%);Anteile (%);Anteile (%);Anteile (%);Anteile (%);Anteile (%);Anteile (%);Anteile (%);Anteile (%);Anteile (%);Anteile (%);Anteile (%);Anteile (%)
Bruttoinlandsprodukt (nominal);Baden-Württemberg;243,4;312;387,4;359,9;389,8;412,7;421,3;432,2;448,8;468,6;483;505,9;525,9;535,6;516,3;554,6;600,8;642,2;652;667,1;15,3;14,7;15;14,4;14,9;15;15;15,1;15;15,2;15,1;15,2;15,3;15,1;15;15,1;15,1;15,2;15,1;14,9
Bruttoinlandsprodukt (nominal);Bayern;264;359,9;442,7;434,9;459,4;491,2;504,1;520,2;542;564,9;587,4;615,6;630;651,8;635;674,5;730,1;782,4;796,2;824,2;16,6;16,9;17,1;17,4;17,6;17,9;18;18,1;18,2;18,3;18,4;18,5;18,3;18,4;18,4;18,3;18,3;18,5;18,4;18,4
Bruttoinlandsprodukt (nominal);Berlin;68,4;86,2;101;101,4;105,3;110,7;112,5;116,2;122,3;129,5;136,5;144,5;152,3;159,9;159,5;170,3;185,8;199,8;208,4;218,3;4,3;4;3,9;4,1;4;4;4;4,1;4,1;4,2;4,3;4,3;4,4;4,5;4,6;4,6;4,7;4,7;4,8;4,9
Bruttoinlandsprodukt (nominal);Brandenburg;19,9;45,2;56;54,8;57,4;59,4;61,1;62,4;65,7;66,8;68,8;72,2;74,1;77,3;76,2;81,2;90,7;98,1;101,4;104,1;1,2;2,1;2,2;2,2;2,2;2,2;2,2;2,2;2,2;2,2;2,2;2,2;2,2;2,2;2,2;2,2;2,3;2,3;2,3;2,3
Bruttoinlandsprodukt (nominal);Bremen;19;22,5;27,9;25,5;27;27,8;29,1;29,5;30,5;31,1;31,9;32,9;33,5;33,5;32,6;35,8;39;40,1;41,3;43;1,2;1,1;1,1;1;1;1;1;1;1;1;1;1;1;0,9;0,9;1;1;1;1;1
Bruttoinlandsprodukt (nominal);Hamburg;61,1;78,5;97,1;94,2;97,2;98,8;101,5;106;108,2;113;115,2;121,7;125;130,4;124,6;138,7;158,3;154,6;162,8;168,3;3,8;3,7;3,7;3,8;3,7;3,6;3,6;3,7;3,6;3,7;3,6;3,7;3,6;3,7;3,6;3,8;4;3,7;3,8;3,8
Bruttoinlandsprodukt (nominal);Hessen;150,4;195,5;234,1;224,8;232,1;243,2;243,9;250;260,6;268,1;278,8;288,4;294,7;303,3;294,4;314;335,9;358,9;371,4;382,4;9,4;9,2;9;9;8,9;8,9;8,7;8,7;8,7;8,7;8,7;8,7;8,6;8,6;8,5;8,5;8,4;8,5;8,6;8,6
Bruttoinlandsprodukt (nominal);Mecklenburg-Vorpommern;14,4;29,7;34,5;34,4;35,3;36,8;37,2;38,3;40;40,7;41,7;45;45,3;48,3;47,3;50,2;56,3;59,2;60,8;63,6;0,9;1,4;1,3;1,4;1,4;1,3;1,3;1,3;1,3;1,3;1,3;1,4;1,3;1,4;1,4;1,4;1,4;1,4;1,4;1,4
Bruttoinlandsprodukt (nominal);Niedersachsen;145,2;185,8;225,4;216,8;230,3;243,7;249,5;252,5;263,8;266,4;285,9;292,7;304,3;314,8;306,8;321,8;347,6;369,8;385,2;399,4;9,1;8,7;8,7;8,7;8,8;8,9;8,9;8,8;8,8;8,6;8,9;8,8;8,9;8,9;8,9;8,7;8,7;8,8;8,9;8,9
Bruttoinlandsprodukt (nominal);Nordrhein-Westfalen;381,6;470;570,6;549,9;565,1;588,5;594,5;605,8;630,6;651,2;665,6;694,9;717,5;732,4;717,8;760,1;813,5;858,8;879,8;909,4;24;22,1;22;22;21,6;21,4;21,2;21,1;21,1;21,1;20,8;20,8;20,9;20,7;20,8;20,6;20,4;20,4;20,3;20,3
Bruttoinlandsprodukt (nominal);Rheinland-Pfalz;76,6;94,7;112,1;108,4;114,8;119,4;122,5;125,5;130,8;135,5;139,4;142,2;145,1;149,7;147,1;167,2;177;177;180,8;185,3;4,8;4,4;4,3;4,3;4,4;4,3;4,4;4,4;4,4;4,4;4,4;4,3;4,2;4,2;4,3;4,5;4,4;4,2;4,2;4,1
Bruttoinlandsprodukt (nominal);Saarland;21,6;25,7;32,2;29,2;30,7;32,5;32,6;32,3;33,8;34,6;35;36,4;36,8;37;35,5;37,1;40,2;42,8;42,2;43,2;1,4;1,2;1,2;1,2;1,2;1,2;1,2;1,1;1,1;1,1;1,1;1,1;1,1;1;1;1;1;1;1;1
Bruttoinlandsprodukt (nominal);Sachsen;37;76,6;95,3;92,7;96,6;101;102,9;105,6;110,6;115,3;119,1;124;127,6;132,5;129,4;136;148,5;158,3;163;168;2,3;3,6;3,7;3,7;3,7;3,7;3,7;3,7;3,7;3,7;3,7;3,7;3,7;3,7;3,8;3,7;3,7;3,8;3,8;3,8
Bruttoinlandsprodukt (nominal);Sachsen-Anhalt;20,7;43;51,2;49;51,9;52,9;55,1;55,6;56,7;57,7;59,2;61,4;62,5;65,4;64,3;67,7;74,3;78,2;79,5;81,8;1,3;2;2;2;2;1,9;2;1,9;1,9;1,9;1,9;1,8;1,8;1,8;1,9;1,8;1,9;1,9;1,8;1,8
Bruttoinlandsprodukt (nominal);Schleswig-Holstein;51,3;64,4;73,9;72;73,6;76,6;79,3;80,3;83;85,2;87,8;93,3;96,1;100,4;100;106,5;119,1;122,5;126,3;131,2;3,2;3;2,9;2,9;2,8;2,8;2,8;2,8;2,8;2,8;2,7;2,8;2,8;2,8;2,9;2,9;3;2,9;2,9;2,9
Bruttoinlandsprodukt (nominal);Thüringen;17,2;40;48;46,2;48,8;51,6;52,2;54,2;56,9;58,3;60,1;62,2;63,2;64,9;63,9;66,8;72,1;76,7;77,7;80,6;1,1;1,9;1,9;1,9;1,9;1,9;1,9;1,9;1,9;1,9;1,9;1,9;1,8;1,8;1,9;1,8;1,8;1,8;1,8;1,8
Bruttoinlandsprodukt (nominal);Länder insgesamt;1591,6;2129,7;2589,3;2494;2615,3;2746,9;2799,3;2866,5;2984,5;3087;3195,2;3333,1;3434;3537,3;3450,7;3682,3;3989,4;4219,3;4329;4469,9;100;100;100;100;100;100;100;100;100;100;100;100;100;100;100;100;100;100;100;100
;;;;;;;;;;;;;;;;;;;;;;;;;;;;;;;;;;;;;;;;;
"Quelle: Arbeitskreis ""Volkswirtschaftliche Gesamtrechnungen der Länder"", ""Reihe 1, Länderergebnisse Band 1""; Deutsches Zentrum für Hochschul- und Wissenschaftsforschung, Berechnungen";;;;;;;;;;;;;;;;;;;;;;;;;;;;;;;;;;;;;;;;;
;;;;;;;;;;;;;;;;;;;;;;;;;;;;;;;;;;;;;;;;;
Anmerkungen:;;;;;;;;;;;;;;;;;;;;;;;;;;;;;;;;;;;;;;;;;
1) Gemäß Europäischem System volkswirtschaftlicher Gesamtrechnungen (ESVG) 2010, Revision 2024. Berechnungsstand August 2025/Februar 2026.;;;;;;;;;;;;;;;;;;;;;;;;;;;;;;;;;;;;;;;;;
2) Jahresdurchschnitt auf Basis des Zensus.;;;;;;;;;;;;;;;;;;;;;;;;;;;;;;;;;;;;;;;;;
3) Jahresdurchschnitt.;;;;;;;;;;;;;;;;;;;;;;;;;;;;;;;;;;;;;;;;;
;;;;;;;;;;;;;;;;;;;;;;;;;;;;;;;;;;;;;;;;;
Auswertung aus der ICE-Datenbank des BMBF (ICE = Information, Controlling, Entscheidung);;;;;;;;;;;;;;;;;;;;;;;;;;;;;;;;;;;;;;;;;
Ein System des Deutschen Zentrums für Hochschul- und Wissenschaftsforschung (DZHW), http://www.dzhw.eu;;;;;;;;;;;;;;;;;;;;;;;;;;;;;;;;;;;;;;;;;
;;;;;;;;;;;;;;;;;;;;;;;;;;;;;;;;;;;;;;;;;
Letzte Aktualisierung: 31. März 2026;;;;;;;;;;;;;;;;;;;;;;;;;;;;;;;;;;;;;;;;;
;;;;;;;;;;;;;;;;;;;;;;;;;;;;;;;;;;;;;;;;;
Dieses Werk ist lizenziert unter einer Datenlizenz Deutschland Namensnennung 2.0.;;;;;;;;;;;;;;;;;;;;;;;;;;;;;;;;;;;;;;;;;
(https://www.govdata.de/dl-de/by-2-0);;;;;;;;;;;;;;;;;;;;;;;;;;;;;;;;;;;;;;;;;